id,business_name,business_type,business_pan,gstin,registered_building_name,registered_suite,registered_address_line_1,registered_address_line_2,registered_city,registered_state,registered_pin_code,primary_contact_name,primary_contact_phone,primary_contact_email,secondary_contact_name,secondary_contact_phone,secondary_contact_email
1,InfoTech Solutions Pvt Ltd,IT Services,AADCI1234F,29AADCI1234F1Z5,Brigade Gateway,7B,26/1 Dr Rajkumar Road,Malleshwaram,Bangalore,Karnataka,560055,Rajesh Kumar,+91-9876543210,rajesh@infotechsolutions.in,Priya Sharma,+91-9876543211,priya@infotechsolutions.in
2,MediCare Pharmacy Ltd,Healthcare,AABCM5678G,29AABCM5678G1Z3,Sigma Tech Park,304,Outer Ring Road,Marathahalli,Bangalore,Karnataka,560037,Dr. Amit Patel,+91-9123456780,amit@medicarepharm.com,Sneha Reddy,+91-9123456781,sneha@medicarepharm.com
3,Sharma Enterprises,Retail,AAFHS9012H,27AAFHS9012H1Z8,Trade Center,12A,FC Road,Shivajinagar,Pune,Maharashtra,411005,Vikram Sharma,+91-9988776655,vikram@sharmaenterprises.co.in,Anjali Sharma,+91-9988776656,anjali@sharmaenterprises.co.in
4,Design Studio Co,Consulting,AACDS3456J,27AACDS3456J1Z1,Ashoka Chambers,501,Bund Garden Road,Pune Cantonment,Pune,Maharashtra,411001,Neha Mehta,+91-9765432100,neha@designstudio.co,Karan Singh,+91-9765432101,karan@designstudio.co
5,Fresh Foods Mumbai,Retail,AAFFF7890K,27AAFFF7890K1Z6,Peninsula Towers,15C,Lower Parel,Elphinstone Road,Mumbai,Maharashtra,400013,Sanjay Gupta,+91-9876541230,sanjay@freshfoods.in,Meera Joshi,+91-9876541231,meera@freshfoods.in
